<?xml version="1.0" ?>
<BookList>
  <Book ISBN="978-1-4302-1610-0">
    <Title>The Essential Guide to Dreamweaver CS4 with CSS, Ajax, and PHP</Title>
    <Authors>
      <Author>David Powers</Author>
    </Authors>
    <Publisher>friends of ED</Publisher>
    <ListPrice>49.99</ListPrice>
  </Book>
  <Book ISBN="978-1-4302-1606-3">
    <Title>HTML and CSS Web Standards Solutions: A Web Standardista's Approach</Title>
    <Authors>
      <Author>Christopher Murphy</Author>
      <Author>Nicklas Persson</Author>
    </Authors>
    <Publisher>friends of ED</Publisher>
    <ListPrice>39.99</ListPrice>
  </Book>
  <Book ISBN="978-1-4302-1608-7">
    <Title>AdvancED ActionScript 3.0 Animation</Title>
	<Authors>
	  <Author>Keith Peters</Author>
	</Authors>
	<Publisher>friends of ED</Publisher>
	<ListPrice>39.99</ListPrice>
  </Book>
  <Book ISBN="978-1-4302-0985-0">
    <Title>AdvancED AIR Applications</Title>
	<Authors>
	  <Author>Peter Elst</Author>
	  <Author>Marco Casario</Author>
	  <Author>Nicolas Lierman</Author> 
	  <Author>Koen de Weggheleire</Author>
	</Authors>
	<Publisher>friends of ED</Publisher>
	<ListPrice>49.99</ListPrice>
  </Book>
  <Book ISBN="978-1-4302-1610-0">
    <Title>PHP Object-Oriented Solutions</Title>
	<Authors>
	  <Author>David Powers</Author>
	</Authors>
	<Publisher>friends of ED</Publisher>
	<ListPrice>36.99</ListPrice>
  </Book>
  <Book ISBN="978-1-43020-993-5">
    <Title>The Essential Guide to Open Source Flash Development</Title>
	<Authors>
	  <Author>Chris Allen</Author>
	  <Author>Wade Arnold</Author>
	  <Author>Aral Balkan</Author>
	  <Author>Nicolas Cannasse</Author>
	  <Author>John Grden</Author>
	  <Author>Moses Gunesch</Author>
	  <Author>Marc Hughes</Author>
	  <Author>R. Jon MacDonald</Author>
	  <Author>Andy Zupko</Author>
	</Authors>
	<Publisher>friends of ED</Publisher>
	<ListPrice>46.99</ListPrice>
  </Book>
  <Book ISBN="978-1-4302-1037-5">
    <Title>The Definitive Guide to Zend Enterprise</Title>
	<Authors>
	  <Author>Zend</Author>
	</Authors>
	<Publisher>Apress</Publisher>
	<ListPrice>49.99</ListPrice>
  </Book>
  <Book ISBN="978-1-59059-862-7">
    <Title>Beginning PHP and MySQL 5: From Novice to Professional, Third Edition</Title>
	<Authors>
	  <Author>W. Jason Gilmore</Author>
	</Authors>
	<Publisher>Apress</Publisher>
	<ListPrice>46.99</ListPrice>
  </Book>
  <Book ISBN="978-1-59059-919-8">
    <Title>Practical Prototype and script.aculo.us</Title>
	<Authors>
	  <Author>Andrew Dupont</Author>
	</Authors>
	<Publisher>Apress</Publisher>
    <ListPrice>39.99</ListPrice>
  </Book>
  <Book ISBN="978-1-59059-950-1">
    <Title>The Essential Guide to Flex 3</Title>
	<Authors>
	  <Author>Charles E. Brown</Author>
	</Authors>
	<Publisher>friends of ED</Publisher>
	<ListPrice>54.99</ListPrice>
  </Book>
</BookList>
